{"cameraMode":{"drawMode":0,"name":"Shaded","section":"Shading Mode"},"sceneLighting":true,"audioPlay":false,"sceneViewState":{"showFog":true,"showMaterialUpdate":true,"showSkybox":true,"showFlares":true,"showImageEffects":true,"showParticleSystems":true},"in2DMode":false,"pivot":{"x":14.640975952148438,"y":1.704368233680725,"z":-18.611074447631837},"rotation":{"x":-0.016820278018712999,"y":-0.78895503282547,"z":0.021509844809770585,"w":-0.6138360500335693},"size":37.47426223754883,"orthographic":false}