{"cameraMode":{"drawMode":0,"name":"Shaded","section":"Shading Mode"},"sceneLighting":true,"audioPlay":false,"sceneViewState":{"showFog":true,"showMaterialUpdate":true,"showSkybox":true,"showFlares":true,"showImageEffects":true,"showParticleSystems":true},"in2DMode":false,"pivot":{"x":7.834765434265137,"y":-3.0055809020996095,"z":11.539445877075196},"rotation":{"x":-0.06429152190685272,"y":-0.455780565738678,"z":0.03295481204986572,"w":-0.8871473073959351},"size":37.47426223754883,"orthographic":false}